,geoUnit,year,GraduationRate,Spending
0,ABW,2000,6.718599796295166,13.04314994812012
1,ABW,2001,5.989850044250488,19.22216033935547
2,ABW,2002,5.070119857788086,26.53137969970703
3,ABW,2004,3.621730089187622,26.23996925354004
4,ABW,2005,3.57834005355835,23.82220077514648
5,ABW,2012,12.34887981414795,51.03612899780273
6,ABW,2014,14.87018013000488,96.58502960205078
7,ALB,2013,39.67942810058594,12.850830078125
8,ALB,2015,38.47576141357422,12.88117027282715
9,ALB,2016,37.4388313293457,14.64597034454346
10,ALB,2017,42.35031890869141,13.79123973846436
11,ALB,2019,44.08921051025391,15.06488990783691
12,ALB,2022,40.93114852905273,12.7070198059082
13,AND,2004,0.3401400148868561,17.81657028198242
14,AND,2005,0.3092800080776215,14.90707969665527
15,AND,2006,0.3030300140380859,29.76523017883301
16,AND,2013,10.69011974334717,15.25562953948975
17,AND,2014,8.469949722290039,26.86141967773438
18,AND,2015,4.533679962158203,25.71867942810059
19,AND,2016,8.149169921875,25.26083946228027
20,AND,2017,5.726260185241699,22.84880065917969
21,AND,2018,10.58065032958984,21.84196090698242
22,AND,2019,9.189189910888672,16.03462982177734
23,AND,2022,8.262709617614746,6.615640163421631
24,AND,2023,12.94248008728027,3.604579925537109
25,ARG,2001,9.51768970489502,16.17670059204102
26,ARG,2002,7.969880104064941,13.11384963989258
27,ARG,2003,11.42971038818359,10.41644954681396
28,ARG,2004,11.9284496307373,10.94108963012695
29,ARG,2006,13.34195995330811,13.12948036193848
30,ARG,2007,11.24059009552002,14.29386043548584
31,ARG,2008,11.75566005706787,15.05228996276855
32,ARG,2009,12.22733974456787,17.74172019958496
33,ARG,2018,7.776169776916504,15.54129028320313
34,ARG,2019,19.08396911621094,13.32071971893311
35,ARG,2020,16.98501968383789,14.00506019592285
36,ARG,2021,12.73134994506836,11.28847980499268
37,ARG,2022,28.26763916015625,12.04526042938232
38,ARM,2008,29.36882019042969,7.558990001678467
39,ARM,2009,44.47756958007813,7.288790225982666
40,ARM,2010,40.75677108764648,7.634389877319336
41,ARM,2011,42.02735900878906,7.350659847259521
42,ARM,2012,44.45275115966797,6.324830055236816
43,ARM,2013,42.00880813598633,6.886350154876709
44,ARM,2014,38.95338821411133,7.822999954223633
45,ARM,2015,39.16431045532227,9.681159973144531
46,ARM,2016,28.34762001037598,9.531749725341797
47,ARM,2017,46.64886093139648,9.56956958770752
48,ARM,2020,46.42601013183594,9.889730453491213
49,ARM,2021,47.15233993530273,8.935999870300293
50,ARM,2022,47.88148880004883,7.342100143432617
51,ARM,2023,34.4332389831543,6.523590087890625
52,ATG,2009,1.50970995426178,13.32349967956543
53,AUS,2020,63.56443023681641,17.32777976989746
54,AUS,2021,73.10265350341797,17.24962997436523
55,AUT,2013,37.77315902709961,36.28273010253906
56,AUT,2014,34.54462814331055,35.81111907958984
57,AUT,2015,34.52555847167969,35.98379135131836
58,AUT,2016,34.5937385559082,36.09766006469727
59,AUT,2018,32.87371063232422,35.11085891723633
60,AUT,2019,35.10353851318359,36.28364944458008
61,AUT,2020,37.32159042358398,38.80294036865234
62,AUT,2021,41.13825988769531,37.83298873901367
63,AZE,2008,14.88978004455566,13.4505500793457
64,AZE,2009,15.90569019317627,22.34630012512207
65,AZE,2010,16.50534057617188,19.55726051330566
66,AZE,2011,15.55315971374512,18.04833030700684
67,AZE,2015,15.60004997253418,17.88006973266602
68,AZE,2016,16.75246047973633,23.31199073791504
69,AZE,2017,18.25196075439453,19.39113998413086
70,AZE,2018,20.17341041564941,22.28512001037598
71,AZE,2019,21.03659057617188,25.25136947631836
72,AZE,2020,24.39203071594238,34.58927917480469
73,AZE,2021,26.12410926818848,23.65991020202637
74,AZE,2022,28.11735916137695,22.93321990966797
75,BDI,2001,0.5187600255012512,828.9660034179688
76,BDI,2004,0.5218200087547302,310.4105834960938
77,BDI,2013,3.276289939880371,401.08740234375
78,BEL,2010,19.68412971496582,34.93001937866211
79,BEL,2011,18.12587928771973,33.74328994750977
80,BEL,2012,18.35041046142578,33.61991882324219
81,BEL,2013,43.27167892456055,32.76776885986328
82,BEL,2014,44.0064582824707,33.44944000244141
83,BEL,2016,28.70421981811523,31.7292594909668
84,BEL,2017,30.62311935424805,31.9290599822998
85,BEL,2018,50.50418853759766,32.98160171508789
86,BEL,2019,48.88864135742188,33.85815811157227
87,BEL,2020,54.52816009521484,35.3472900390625
88,BEL,2021,51.35343933105469,32.47341918945313
89,BGD,2002,4.612020015716553,34.58840179443359
90,BGD,2003,4.785099983215332,28.82460021972656
91,BGD,2008,5.418869972229004,30.31627082824707
92,BGD,2009,4.987619876861572,24.0203800201416
93,BGR,2001,16.00349044799805,17.39253997802734
94,BGR,2002,25.75461006164551,17.65480995178223
95,BGR,2003,25.79165077209473,26.33230972290039
96,BGR,2004,25.44495010375977,25.04018020629883
97,BGR,2005,24.48111915588379,22.27832984924316
98,BGR,2007,24.83912086486816,17.48796081542969
99,BGR,2008,28.09547996520996,23.02840995788574
100,BGR,2009,29.16095924377441,23.84546089172363
101,BGR,2010,29.42793083190918,14.29001045227051
102,BGR,2011,32.54587936401367,14.89253997802734
103,BGR,2012,33.85681915283203,15.35921955108643
104,BGR,2013,47.04756164550781,16.06461906433105
105,BGR,2017,52.63785934448242,22.40319061279297
106,BGR,2018,53.7347412109375,22.01914978027344
107,BGR,2019,57.759521484375,23.69734001159668
108,BGR,2020,53.77499008178711,24.50275993347168
109,BGR,2021,58.05118942260742,24.70743942260742
110,BIH,2018,40.6361198425293,26.19409942626953
111,BIH,2019,38.71178817749023,30.45704078674316
112,BIH,2021,31.10177040100098,31.71987915039063
113,BLR,2004,33.82952880859375,27.03546905517578
114,BLR,2005,31.18781089782715,27.35100936889648
115,BLR,2006,33.54658126831055,28.64609909057617
116,BLR,2007,39.07624816894531,17.86960983276367
117,BLR,2010,47.25804901123047,14.907790184021
118,BLR,2011,48.85161972045898,13.10869026184082
119,BLR,2012,53.63531112670898,14.24250984191895
120,BLR,2013,63.07046127319336,14.78779029846191
121,BLR,2018,85.57263946533203,19.8148307800293
122,BLR,2019,71.99981689453125,20.58042907714844
123,BLR,2020,62.77671813964844,21.24661064147949
124,BLR,2021,60.65790176391602,20.45528030395508
125,BLR,2022,62.19200897216797,21.49806976318359
126,BLR,2023,66.27008819580078,26.66021919250488
127,BLZ,2012,12.65318012237549,19.30410003662109
128,BLZ,2015,6.883100032806396,26.20405960083008
129,BRA,2012,24.99571990966797,27.97784996032715
130,BRB,2001,18.77540016174316,58.37057113647461
131,BRB,2007,27.87380027770996,37.35432052612305
132,BRB,2009,26.47747993469238,29.08618927001953
133,BRB,2010,26.95232963562012,40.70962905883789
134,BRN,2010,9.613889694213867,31.88958930969238
135,CAN,2013,39.45709991455078,29.58049011230469
136,CAN,2014,40.65494918823242,36.90462112426758
137,CAN,2016,40.90650939941406,31.36857986450195
138,CAN,2018,40.27394866943359,29.39374923706055
139,CAN,2019,40.23722839355469,28.16950988769531
140,CAN,2020,40.98545074462891,27.59872055053711
141,CAN,2021,43.40174102783203,22.26161956787109
142,CHE,2000,23.03939056396484,47.55992126464844
143,CHE,2001,22.20915985107422,49.31882095336914
144,CHE,2002,21.09844017028809,53.73374176025391
145,CHE,2003,21.25064086914063,57.54893112182617
146,CHE,2004,22.55439949035645,55.99980926513672
147,CHE,2005,25.53125,49.1585807800293
148,CHE,2006,28.08880043029785,47.00059127807617
149,CHE,2007,30.82863998413086,41.33823013305664
150,CHE,2008,31.78510093688965,38.89768981933594
151,CHE,2009,30.95245933532715,41.07418060302734
152,CHE,2010,30.22513961791992,38.24578857421875
153,CHE,2011,29.35771942138672,38.76556015014648
154,CHE,2013,50.00997924804688,39.53057861328125
155,CHE,2014,51.1263313293457,40.00101089477539
156,CHE,2015,52.0795783996582,36.90364074707031
157,CHE,2016,51.65430068969727,36.44195938110352
158,CHE,2017,54.03091812133789,36.98448181152344
159,CHE,2018,55.58316040039063,36.05952835083008
160,CHE,2019,57.69078063964844,36.02679824829102
161,CHE,2020,56.05767059326172,37.43347930908203
162,CHE,2021,61.09814834594727,33.87002182006836
163,CHL,2000,11.90849018096924,18.53974914550781
164,CHL,2003,15.45847034454346,14.41168975830078
165,CHL,2006,14.96319961547852,11.12522029876709
166,CHL,2007,15.35661029815674,10.83843994140625
167,CHL,2008,16.01016998291016,11.39163017272949
168,CHL,2009,21.0794792175293,12.75253009796143
169,CHL,2010,19.53757095336914,16.10683059692383
170,CHL,2012,18.88393974304199,15.15544986724854
171,CHL,2018,15.89017963409424,20.57402038574219
172,CHL,2019,14.39544010162354,21.73760986328125
173,CHL,2020,11.73581027984619,22.99929046630859
174,CHL,2021,16.94095993041992,19.59037971496582
175,COM,2013,5.402719974517822,26.05504035949707
176,CPV,2013,5.794950008392334,29.81650924682617
177,CPV,2016,11.69266986846924,37.10813903808594
178,CPV,2017,9.972040176391602,35.75614166259766
179,CRI,2011,37.86246871948242,30.07966995239258
180,CUB,2000,10.28240966796875,94.75657653808594
181,CUB,2001,11.07954025268555,89.45516204833984
182,CUB,2002,12.3854398727417,98.0364227294922
183,CUB,2004,14.28372001647949,63.30889129638672
184,CUB,2005,15.11793994903564,55.51105117797852
185,CUB,2006,16.53676986694336,34.25360870361328
186,CUB,2007,21.27391052246094,38.84537124633789
187,CYP,2002,5.39670991897583,41.04825973510742
188,CYP,2003,4.908510208129883,55.75497817993164
189,CYP,2004,5.97258996963501,47.03364181518555
190,CYP,2005,5.832170009613037,52.86497116088867
191,CYP,2006,6.064539909362793,54.32611846923828
192,CYP,2007,6.08758020401001,50.5400390625
193,CYP,2008,10.85167980194092,51.43994140625
194,CYP,2009,12.78398036956787,48.41238021850586
195,CYP,2010,14.8427095413208,34.35092926025391
196,CYP,2011,17.73512077331543,35.32001113891602
197,CYP,2013,24.38851928710938,38.38323974609375
198,CYP,2014,27.58440017700195,32.69440841674805
199,CYP,2015,26.33638000488281,28.94671058654785
200,CYP,2016,27.1063404083252,25.78720092773438
201,CYP,2017,27.47195053100586,21.4463996887207
202,CYP,2019,27.20294952392578,15.15845966339111
203,CYP,2020,27.65253067016602,15.17243003845215
204,CYP,2021,33.33061981201172,14.95359039306641
205,CZE,2000,14.00537967681885,27.92561912536621
206,CZE,2001,14.60348033905029,28.35771942138672
207,CZE,2002,15.62950992584229,28.02359008789063
208,CZE,2003,17.13739013671875,30.35165023803711
209,CZE,2004,21.95402908325195,27.45915985107422
210,CZE,2005,26.9841194152832,24.66577911376953
211,CZE,2006,32.15156936645508,33.92959976196289
212,CZE,2007,37.44601821899414,27.82317924499512
213,CZE,2008,39.81885147094727,23.37763023376465
214,CZE,2009,40.70161056518555,24.12327003479004
215,CZE,2010,42.84973907470703,21.7682991027832
216,CZE,2011,44.41065979003906,25.74024963378906
217,CZE,2012,43.62905120849609,24.07386016845703
218,CZE,2013,46.81782913208008,21.5272102355957
219,CZE,2014,45.38581848144531,20.34494018554688
220,CZE,2015,38.95053100585938,20.85433959960938
221,CZE,2016,36.89456939697266,20.21853065490723
222,CZE,2017,42.38156127929688,21.36907005310059
223,CZE,2018,44.29135131835938,30.12484931945801
224,CZE,2019,43.04693984985352,31.09629058837891
225,CZE,2020,42.47090148925781,28.60277938842773
226,CZE,2021,42.98847961425781,28.563720703125
227,DEU,2012,31.93804931640625,38.43328094482422
228,DEU,2015,42.42098999023438,34.21284866333008
229,DEU,2016,41.40155029296875,33.84920883178711
230,DEU,2017,42.05661010742188,33.10707855224609
231,DEU,2018,41.00622177124023,33.50907135009766
232,DEU,2019,47.52373123168945,32.39522171020508
233,DEU,2020,43.17507934570313,34.90967178344727
234,DEU,2021,47.99153137207031,33.41202926635742
235,DNK,2001,35.90052032470703,73.58267211914062
236,DNK,2002,34.46141815185547,71.96576690673828
237,DNK,2003,38.66600036621094,65.09406280517578
238,DNK,2004,47.08190155029297,60.92935180664063
239,DNK,2005,53.13840103149414,54.10622024536133
240,DNK,2006,50.84605026245117,52.11558151245117
241,DNK,2007,52.62305068969727,52.29962158203125
242,DNK,2008,49.80162811279297,50.38597869873047
243,DNK,2009,50.37205123901367,54.98638153076172
244,DNK,2010,49.58489990234375,53.95162963867188
245,DNK,2011,50.42483901977539,50.9369010925293
246,DNK,2012,47.5748405456543,41.89960098266602
247,DNK,2013,52.72158813476563,42.5588493347168
248,DNK,2014,55.8355598449707,43.12665939331055
249,DNK,2017,55.59637069702148,44.23445892333984
250,DNK,2018,54.31621932983398,44.58581161499023
251,DNK,2019,55.05374908447266,45.43703842163086
252,DNK,2020,57.97460174560547,45.6668701171875
253,DNK,2021,59.73022079467773,45.04544067382813
254,ECU,2013,23.46833038330078,42.65203857421875
255,ECU,2015,34.62345886230469,53.74977874755859
256,ERI,2001,2.360519886016846,254.2548522949219
257,ERI,2002,2.635669946670532,242.7029266357422
258,ERI,2004,2.793430089950562,601.7819213867188
259,ESP,2000,31.31216049194336,20.13447952270508
260,ESP,2001,33.62548828125,20.88871002197266
261,ESP,2002,34.68997955322266,21.34980964660645
262,ESP,2003,35.23628997802734,22.21030044555664
263,ESP,2004,35.08612060546875,22.20647048950195
264,ESP,2005,35.35604095458984,22.3626594543457
265,ESP,2006,35.2515983581543,23.10737037658691
266,ESP,2007,34.56430816650391,24.74828910827637
267,ESP,2008,35.24216842651367,26.96511077880859
268,ESP,2009,37.08808135986328,28.87005996704102
269,ESP,2010,38.92414855957031,28.20775985717773
270,ESP,2011,44.48656845092773,26.60145950317383
271,ESP,2012,43.35110855102539,24.51660919189453
272,ESP,2013,24.44034957885742,23.40652084350586
273,ESP,2014,49.87176132202148,23.10396957397461
274,ESP,2015,47.72254180908203,22.98273086547852
275,ESP,2016,44.3277702331543,21.90176963806152
276,ESP,2017,44.67684173583984,21.80727005004883
277,ESP,2018,43.85285186767578,21.27197074890137
278,ESP,2020,45.46862030029297,23.6976203918457
279,ESP,2021,45.62944030761719,22.85207939147949
280,EST,2001,11.49798011779785,24.56464958190918
281,EST,2002,30.51893997192383,24.35630989074707
282,EST,2003,20.61235046386719,21.88291931152344
283,EST,2004,20.98969078063965,17.59029006958008
284,EST,2005,29.6574592590332,17.84069061279297
285,EST,2007,29.10000038146973,18.3967399597168
286,EST,2008,25.10050010681152,19.87380981445313
287,EST,2009,25.33950996398926,21.9583797454834
288,EST,2010,24.65340995788574,21.10894012451172
289,EST,2011,25.31571006774902,24.1600399017334
290,EST,2013,42.53385925292969,24.82328987121582
291,EST,2014,44.38977813720703,30.23908996582031
292,EST,2018,45.08271026611328,25.18020057678223
293,EST,2019,43.26900863647461,27.14539909362793
294,EST,2020,45.94615936279297,28.88238906860352
295,EST,2021,49.28039932250977,29.15584945678711
296,ETH,2010,4.703889846801758,283.276123046875
297,FIN,2000,42.30435180664063,37.22206115722656
298,FIN,2001,48.09872055053711,35.69475936889648
299,FIN,2002,53.72504043579102,35.80501937866211
300,FIN,2003,55.06869888305664,35.30934143066406
301,FIN,2004,55.50804138183594,34.56806182861328
302,FIN,2006,55.10377883911133,31.98361015319824
303,FIN,2007,57.61103820800781,30.42654991149902
304,FIN,2009,44.08488082885742,36.90375900268555
305,FIN,2010,48.11661911010742,36.6002197265625
306,FIN,2011,51.20787811279297,36.0676383972168
307,FIN,2012,49.74301910400391,35.78932189941406
308,FIN,2013,50.18181991577148,35.30862045288086
309,FIN,2014,51.38045883178711,35.55001068115234
310,FIN,2015,54.37070846557617,34.25909042358398
311,FIN,2016,54.83919143676758,33.70663833618164
312,FIN,2017,54.87807083129883,30.83058929443359
313,FIN,2018,58.17800903320313,28.77236938476563
314,FIN,2019,60.32329177856445,28.21978950500488
315,FIN,2020,64.4451904296875,29.25897979736328
316,FIN,2021,64.46266174316406,27.44860076904297
317,FJI,2004,8.108579635620117,66.8912124633789
318,FRA,2018,46.42541885375977,30.28800010681152
319,FRA,2019,48.05942153930664,29.38702964782715
320,FRA,2020,50.84603881835938,29.89797973632813
321,FRA,2021,54.17329025268555,27.06167984008789
322,GBR,2000,37.19667053222656,20.43362045288086
323,GBR,2001,37.47663116455078,20.1336498260498
324,GBR,2002,38.28511810302734,25.1131591796875
325,GBR,2003,39.49425888061523,24.62113952636719
326,GBR,2004,39.36936950683594,24.24839019775391
327,GBR,2005,40.05112075805664,28.8186206817627
328,GBR,2006,39.73437881469727,25.8643798828125
329,GBR,2007,39.32339859008789,22.04788017272949
330,GBR,2008,41.32352066040039,20.30360984802246
331,GBR,2009,40.78506851196289,18.61681938171387
332,GBR,2010,42.23812866210938,23.46870994567871
333,GBR,2011,43.63376998901367,31.00909996032715
334,GBR,2013,46.350341796875,39.75466156005859
335,GBR,2014,52.06147003173828,40.73984146118164
336,GBR,2019,50.48426055908203,37.44511032104492
337,GBR,2020,50.48093032836914,37.00223922729492
338,GBR,2021,54.45647811889648,38.88245010375977
339,GEO,2008,57.16233062744141,10.0113000869751
340,GEO,2011,31.05596923828125,9.53660011291504
341,GEO,2012,20.92661094665527,13.38224983215332
342,GEO,2016,32.07381820678711,10.64990043640137
343,GEO,2017,33.34832000732422,9.174110412597656
344,GEO,2018,43.9958381652832,10.21671962738037
345,GEO,2019,37.77817153930664,8.182519912719727
346,GEO,2021,38.51078033447266,6.097420215606689
347,GHA,2012,8.262330055236816,131.6257171630859
348,GHA,2013,8.621930122375488,68.29525756835938
349,GIN,2014,8.900230407714844,91.14063262939452
350,GMB,2011,0.2211000025272369,62.20059967041016
351,GMB,2012,0.0965500026941299,67.83463287353516
352,GRC,2004,17.66793060302734,23.31320953369141
353,GRC,2005,22.17024993896484,18.56772994995117
354,GRC,2017,44.13436889648438,8.830160140991211
355,GRC,2018,43.81925964355469,8.829350471496582
356,GRC,2019,42.25453948974609,9.869600296020508
357,GTM,2007,1.546769976615906,19.42473983764648
358,GTM,2014,4.534599781036377,18.56595039367676
359,GTM,2015,4.516580104827881,17.73822021484375
360,GUY,2004,7.101459980010986,37.49608993530273
361,GUY,2006,5.90418004989624,16.81748962402344
362,GUY,2007,3.299489974975586,14.14641952514648
363,GUY,2009,3.58804988861084,16.65696907043457
364,GUY,2010,2.553889989852905,9.150039672851562
365,GUY,2011,3.358489990234375,8.619279861450195
366,GUY,2012,2.740629911422729,9.530309677124023
367,HKG,2004,19.39193916320801,63.03683853149414
368,HKG,2005,18.72051048278809,52.22150039672852
369,HKG,2006,19.08669090270996,50.37129974365234
370,HND,2012,8.938440322875977,48.9687385559082
371,HND,2013,8.779500007629395,52.97929000854492
372,HND,2014,9.869099617004396,47.80133819580078
373,HND,2015,9.278590202331545,41.75228881835938
374,HRV,2002,14.67148017883301,27.98720932006836
375,HRV,2003,16.04656028747559,25.37014007568359
376,HRV,2004,15.71858978271484,23.58612060546875
377,HRV,2007,19.21269989013672,24.18926048278809
378,HRV,2008,26.35651016235352,28.21162033081055
379,HRV,2009,35.90156936645508,25.54957962036133
380,HRV,2010,41.65805053710938,22.13932037353516
381,HRV,2011,47.68941116333008,25.34660911560059
382,HRV,2017,46.10931015014648,20.72999954223633
383,HRV,2018,47.4970817565918,20.33522033691406
384,HRV,2019,45.27085876464844,3.098530054092407
385,HRV,2020,46.65316009521484,22.53116989135742
386,HUN,2005,42.32498168945313,23.25071907043457
387,HUN,2006,42.44831085205078,23.2449893951416
388,HUN,2007,39.74082183837891,23.58576011657715
389,HUN,2008,36.24443817138672,24.12088966369629
390,HUN,2009,39.80086135864258,27.4974308013916
391,HUN,2010,38.68056869506836,24.42453956604004
392,HUN,2011,32.65668869018555,27.86986923217773
393,HUN,2012,31.03517913818359,21.001220703125
394,HUN,2013,29.72566986083984,25.32228088378906
395,HUN,2014,30.53833961486816,23.17835998535156
396,HUN,2015,33.41091918945313,20.88966941833496
397,HUN,2016,33.03256988525391,24.89483070373535
398,HUN,2017,29.73978996276855,28.37121963500977
399,HUN,2018,31.04597091674805,27.97772979736328
400,HUN,2019,31.09464073181152,25.67196083068848
401,HUN,2020,132.304443359375,26.02627944946289
402,HUN,2021,42.50836944580078,44.2570686340332
403,IDN,2009,11.65402984619141,21.26716995239258
404,IDN,2010,13.70701026916504,22.02858924865723
405,IDN,2012,14.10402965545654,23.4942798614502
406,IDN,2015,19.55654907226563,20.82675933837891
407,IND,2013,32.18109893798828,49.61154174804688
408,IND,2015,29.36384010314941,51.18164825439453
409,IND,2016,29.19529914855957,50.27798080444336
410,IND,2017,28.54762077331543,57.84532928466797
411,IND,2018,28.25447082519531,56.16915893554688
412,IND,2019,28.59951019287109,51.88180160522461
413,IND,2020,31.52327919006348,57.7552604675293
414,IND,2021,25.44721031188965,56.40229034423828
415,IRL,2000,32.50154876708984,29.63924980163574
416,IRL,2001,31.66172027587891,27.09243965148926
417,IRL,2002,32.83964920043945,25.09091949462891
418,IRL,2003,36.17002868652344,22.79704093933105
419,IRL,2004,37.524658203125,22.17604064941406
420,IRL,2005,38.5435905456543,22.95195960998535
421,IRL,2006,41.03266906738281,24.71050071716309
422,IRL,2007,40.137939453125,25.42514991760254
423,IRL,2008,38.45872116088867,31.81975936889648
424,IRL,2009,37.71601867675781,36.17512893676758
425,IRL,2010,41.02703857421875,31.40864944458008
426,IRN,2004,9.944250106811523,23.37372016906738
427,IRN,2005,9.982810020446776,20.23596954345703
428,IRN,2006,10.52997970581055,25.85001945495605
429,IRN,2007,9.476980209350586,23.5958194732666
430,IRN,2008,10.43342971801758,17.24646949768066
431,IRN,2009,14.39426040649414,18.52647972106934
432,IRN,2010,17.06648063659668,15.5310697555542
433,IRN,2011,16.66204071044922,17.37443923950195
434,IRN,2012,17.73435974121094,14.07625007629395
435,IRN,2013,26.2729606628418,11.58631992340088
436,IRN,2014,24.54174995422363,12.26978969573975
437,IRN,2015,29.51823043823242,12.86581993103027
438,IRN,2016,33.98460006713867,17.8065299987793
439,IRN,2017,34.34449005126953,23.08522033691406
440,IRN,2018,34.55688858032227,23.88814926147461
441,IRN,2019,25.48613929748535,22.07035064697266
442,IRN,2020,24.37816047668457,22.97530937194824
443,ISL,2000,34.32658004760742,33.84218978881836
444,ISL,2001,40.55527877807617,33.49697875976563
445,ISL,2002,40.09500885009766,32.7294807434082
446,ISL,2003,44.05548095703125,29.20755004882813
447,ISL,2004,50.30688095092773,26.36282920837402
448,ISL,2005,56.39200973510742,27.461669921875
449,ISL,2006,62.72135925292969,24.99519920349121
450,ISL,2007,62.83602142333984,25.82147026062012
451,ISL,2008,57.58620834350586,26.45997047424316
452,ISL,2009,53.42375946044922,27.6075496673584
453,ISL,2010,65.50778198242188,26.26094055175781
454,ISL,2012,57.42132186889648,24.69063949584961
455,ISL,2018,47.04561996459961,23.60662078857422
456,ISL,2019,45.55260848999023,24.4017505645752
457,ISL,2020,45.19089889526367,25.8560791015625
458,ISL,2021,52.13690948486328,23.66028022766113
459,ISR,2000,28.48418045043945,26.77203941345215
460,ISR,2001,28.72904014587402,26.28248023986816
461,ISR,2002,29.87130928039551,22.94510078430176
462,ISR,2003,31.10540962219238,25.17287063598633
463,ISR,2004,32.30440139770508,21.41666030883789
464,ISR,2005,32.85522842407227,20.55327987670898
465,ISR,2006,33.37482833862305,20.95051956176758
466,ISR,2007,34.53131866455078,20.62920951843262
467,ISR,2008,34.46865844726563,19.49630928039551
468,ISR,2009,35.13679885864258,20.33499908447266
469,ISR,2010,37.29978942871094,19.3971004486084
470,ISR,2011,32.66954040527344,18.78993988037109
471,ISR,2012,40.31718063354492,20.69378089904785
472,ISR,2013,40.73577880859375,21.56229019165039
473,ISR,2014,42.35734176635742,20.64454078674316
474,ISR,2020,38.40671920776367,18.74053001403809
475,ISR,2021,38.38093185424805,16.5372200012207
476,ITA,2000,21.73344993591309,25.53852081298828
477,ITA,2001,24.32571983337402,23.91189956665039
478,ITA,2002,29.91230010986328,25.23344993591309
479,ITA,2003,35.6533203125,22.33746910095215
480,ITA,2004,41.12213134765625,21.54184913635254
481,ITA,2005,45.57151031494141,21.01955986022949
482,ITA,2006,44.41202163696289,22.02658081054688
483,ITA,2007,41.6426887512207,20.8530101776123
484,ITA,2008,38.21648025512695,23.48896980285645
485,ITA,2009,37.32168960571289,24.27849960327148
486,ITA,2010,35.27930068969727,24.34238052368164
487,ITA,2011,34.70697021484375,24.04046058654785
488,ITA,2012,34.46171188354492,24.3671703338623
489,ITA,2013,35.44890975952148,26.14019012451172
490,ITA,2014,36.35879135131836,26.18222999572754
491,ITA,2015,35.17446136474609,25.21649932861328
492,ITA,2016,37.55477905273438,24.24122047424316
493,ITA,2018,40.73099899291992,24.48456954956055
494,ITA,2019,41.57286834716797,23.58019065856934
495,ITA,2020,41.95726013183594,25.3720703125
496,ITA,2021,44.26744079589844,23.86899948120117
497,KAZ,2006,49.89517974853516,7.495319843292236
498,KAZ,2014,55.77206039428711,9.231940269470217
499,KAZ,2015,65.95674896240234,11.33543014526367
500,KAZ,2016,51.62992095947266,9.896479606628418
501,KAZ,2017,49.91878890991211,8.363869667053223
502,KAZ,2018,48.4738883972168,7.096560001373291
503,KAZ,2019,51.96200180053711,8.394319534301758
504,KEN,2000,1.822190046310425,204.4921264648438
505,KEN,2001,2.588449954986572,222.1331939697266
506,KGZ,2001,18.90488052368164,17.22567939758301
507,KGZ,2002,23.58927917480469,20.80126953125
508,KGZ,2003,26.98966026306152,22.34206962585449
509,KGZ,2004,31.38777923583984,22.7856502532959
510,KGZ,2005,32.46120834350586,21.89344024658203
511,KGZ,2006,30.64414978027344,22.29780006408691
512,KGZ,2007,28.01741027832031,22.63516998291016
513,KGZ,2008,23.15675926208496,19.04264068603516
514,KGZ,2009,28.16130065917969,19.63109970092773
515,KGZ,2010,30.68050956726074,18.87648963928223
516,KGZ,2012,33.93930816650391,18.43655967712402
517,KGZ,2013,34.52851104736328,17.40966033935547
518,KGZ,2014,35.83235168457031,5.585239887237549
519,KGZ,2016,35.18154907226563,4.843210220336914
520,KGZ,2017,43.74240875244141,4.897759914398193
521,KGZ,2020,28.16399955749512,4.146289825439453
522,KGZ,2021,30.19428062438965,3.18806004524231
523,KOR,2015,48.51041030883789,14.11266040802002
524,KOR,2016,50.51834869384766,14.37137031555176
525,KOR,2017,51.10848999023438,14.09819030761719
526,KOR,2019,49.70689010620117,14.15312004089355
527,KOR,2020,51.46371841430664,16.11865997314453
528,KOR,2021,55.47784042358398,16.55900001525879
529,LAO,2000,1.062780022621155,71.13141632080078
530,LAO,2001,1.888710021972656,112.3844223022461
531,LAO,2009,3.209219932556152,21.12918090820313
532,LAO,2011,6.676129817962646,18.26774978637695
533,LAO,2012,5.603340148925781,14.76504993438721
534,LAO,2013,12.28199005126953,21.87615013122559
535,LAO,2014,10.00981044769287,20.50255012512207
536,LBN,2002,15.62158012390137,22.59699058532715
537,LBN,2004,18.98715019226074,19.57531929016113
538,LBN,2005,19.45092010498047,21.32315063476563
539,LBN,2006,22.61259078979492,20.65955924987793
540,LBN,2007,23.421630859375,16.82844924926758
541,LBN,2008,22.82243919372559,14.50737953186035
542,LBN,2009,25.47532081604004,11.66767024993896
543,LBN,2010,25.59295082092285,10.83119964599609
544,LBN,2011,26.7791805267334,10.18591976165771
545,LIE,2003,13.34792041778564,24.46360969543457
546,LIE,2004,8.816710472106934,21.78628921508789
547,LIE,2006,30.62200927734375,10.21889019012451
548,LIE,2007,31.98197937011719,9.122810363769531
549,LKA,2010,6.465129852294922,18.40092086791992
550,LKA,2011,6.923289775848389,15.16816997528076
551,LKA,2013,7.381229877471924,23.45471000671387
552,LKA,2014,9.829299926757812,25.44099998474121
553,LKA,2015,10.32388019561768,26.43556976318359
554,LKA,2016,10.78837966918945,28.09259033203125
555,LKA,2017,9.678509712219238,24.4960994720459
556,LKA,2018,10.46022987365723,26.47867012023926
557,LSO,2001,1.078649997711182,780.4434814453125
558,LSO,2018,3.976639986038208,51.88571929931641
559,LTU,2001,25.13522911071777,33.86177062988281
560,LTU,2002,27.90099906921387,32.23688125610352
561,LTU,2003,33.87361145019531,19.8547306060791
562,LTU,2004,36.29344940185547,19.32406997680664
563,LTU,2005,42.02441024780273,16.87330055236816
564,LTU,2006,48.99629974365234,15.77153015136719
565,LTU,2007,48.09069061279297,15.47562026977539
566,LTU,2008,46.67242813110352,15.33915996551514
567,LTU,2009,49.14139175415039,16.07605934143066
568,LTU,2010,47.65459823608398,16.73645973205566
569,LTU,2011,48.71800994873047,18.25782012939453
570,LTU,2012,52.75938034057617,18.5139102935791
571,LTU,2013,75.53597259521484,18.59917068481445
572,LTU,2014,62.86026000976563,20.55706024169922
573,LTU,2015,58.58261871337891,18.56214904785156
574,LTU,2016,53.79956817626953,16.73858070373535
575,LTU,2017,51.18066024780273,15.71313953399658
576,LTU,2018,54.76028060913086,16.55570030212402
577,LTU,2019,58.14218139648438,17.23049926757813
578,LTU,2020,57.67182159423828,20.49465942382813
579,LTU,2021,57.79072952270508,18.47068977355957
580,LUX,2012,9.963910102844238,35.66410064697266
581,LUX,2014,9.029239654541016,39.55183029174805
582,LUX,2015,9.081660270690918,40.73102188110352
583,LUX,2018,8.537579536437988,35.40945816040039
584,LUX,2019,8.359539985656738,38.84823989868164
585,LUX,2020,8.540369987487793,39.04315948486328
586,LUX,2021,8.732850074768066,38.56151962280273
587,LVA,2000,42.08142852783203,22.25525093078613
588,LVA,2001,57.58988189697266,19.35820007324219
589,LVA,2002,51.0783805847168,18.04718017578125
590,LVA,2003,28.43803024291992,13.49643039703369
591,LVA,2004,41.00563812255859,11.52511024475098
592,LVA,2006,45.64945983886719,14.20481967926025
593,LVA,2007,43.89181137084961,14.6361198425293
594,LVA,2008,35.88113021850586,15.48945999145508
595,LVA,2009,40.44956970214844,12.25940036773682
596,LVA,2010,45.58802032470703,12.41331958770752
597,LVA,2011,44.14693832397461,16.25016021728516
598,LVA,2012,43.43986129760742,22.63936042785645
599,LVA,2013,43.83049011230469,24.82394027709961
600,LVA,2014,32.44612884521484,22.07073974609375
601,LVA,2015,34.17610168457031,23.67897987365723
602,LVA,2016,37.56911087036133,16.23880004882813
603,LVA,2017,39.7188606262207,14.69400978088379
604,LVA,2018,45.01528930664063,13.73046016693115
605,LVA,2019,46.73564147949219,15.71576976776123
606,LVA,2020,45.69374084472656,16.35453033447266
607,LVA,2021,48.99401092529297,16.84841918945313
608,MAC,2000,11.96335983276367,54.33378982543945
609,MAC,2002,15.34488964080811,25.18511009216309
610,MAC,2003,18.46684074401855,20.12154006958008
611,MAC,2004,24.75840950012207,19.09967041015625
612,MAC,2005,24.81646919250488,21.6739501953125
613,MAC,2006,30.35273933410645,19.39048004150391
614,MAC,2007,27.57394981384277,16.26077079772949
615,MAC,2008,27.26594924926758,16.75542068481445
616,MAC,2009,30.70215034484863,15.89465045928955
617,MAC,2010,39.04698944091797,23.96730041503906
618,MAC,2011,41.00624084472656,29.79821968078613
619,MAC,2012,38.28707122802734,51.07199096679688
620,MAC,2013,41.08491134643555,19.68458938598633
621,MAC,2014,46.81999969482422,17.9125804901123
622,MAC,2015,47.40594100952148,25.3316593170166
623,MAC,2016,58.60226821899414,23.86178970336914
624,MAC,2017,70.73973083496094,19.61272048950195
625,MAC,2018,51.94058990478516,20.68457984924316
626,MAC,2019,56.15464019775391,23.69243049621582
627,MAC,2020,56.5217399597168,42.79061126708984
628,MAC,2021,65.55951690673828,31.21756935119629
629,MAC,2022,72.75,33.62516021728516
630,MDA,2013,34.34011840820313,26.80331993103027
631,MDA,2014,40.36450958251953,26.77393913269043
632,MDA,2016,43.7022590637207,25.12631034851074
633,MDA,2017,41.13603973388672,24.15951919555664
634,MDA,2018,42.41165161132813,20.44622039794922
635,MDA,2019,41.69570922851563,31.97373962402344
636,MDA,2020,43.16080093383789,31.91410064697266
637,MDG,2005,1.274489998817444,139.5693054199219
638,MDG,2006,1.322550058364868,142.1254272460938
639,MDG,2007,1.380970001220703,126.4249572753906
640,MDG,2008,1.317729949951172,129.6823272705078
641,MDG,2009,1.37021005153656,134.095703125
642,MEX,2001,16.14057922363281,28.05677032470703
643,MEX,2003,15.1646900177002,37.30524826049805
644,MEX,2005,16.4212703704834,35.76216888427734
645,MEX,2006,17.84892082214355,33.75917816162109
646,MEX,2007,17.84572982788086,35.14093017578125
647,MEX,2008,17.25856971740723,35.98276901245117
648,MEX,2009,18.2668399810791,40.20803833007813
649,MEX,2010,18.48954963684082,38.07542037963867
650,MEX,2011,19.62014007568359,34.03342056274414
651,MEX,2013,21.32258987426758,34.97484970092773
652,MEX,2014,21.77461051940918,37.18563842773438
653,MEX,2015,22.45673942565918,34.60879135131836
654,MEX,2016,26.59151077270508,28.29483985900879
655,MEX,2017,27.67333030700684,24.2817497253418
656,MEX,2021,31.84551048278809,22.20590019226074
657,MHL,2019,3.725780010223389,6.256579875946045
658,MKD,2002,10.09934043884277,22.38261032104492
659,MLT,2002,20.10412979125977,46.34201049804688
660,MLT,2004,22.23308944702148,24.92243957519531
661,MLT,2009,37.61000061035156,44.15219879150391
662,MLT,2010,33.49842834472656,54.52339935302734
663,MLT,2011,31.64788055419922,38.76554870605469
664,MLT,2012,32.15942001342773,48.37575149536133
665,MLT,2013,35.97343063354492,49.42528915405273
666,MLT,2014,36.39022827148438,45.76641845703125
667,MLT,2015,35.04689025878906,42.85578155517578
668,MLT,2016,36.97478866577148,46.82630920410156
669,MLT,2017,43.14603042602539,38.32341003417969
670,MLT,2019,45.04251861572266,41.80590057373047
671,MLT,2021,53.06404113769531,39.12216949462891
672,MMR,2011,13.10741996765137,11.27476978302002
673,MNG,2002,32.87688064575195,30.80372047424316
674,MNG,2004,35.2876091003418,18.61018943786621
675,MNG,2010,46.15274047851563,5.060739994049072
676,MNG,2011,50.12530136108398,2.828140020370483
677,MNG,2012,53.87995910644531,16.3153190612793
678,MNG,2017,60.7039794921875,3.143340110778809
679,MRT,2015,3.770560026168823,70.90704345703125
680,MRT,2016,3.69350004196167,68.8733901977539
681,MRT,2019,3.714459896087646,63.38705062866211
682,MUS,2017,29.10084915161133,9.30331039428711
683,NAM,2003,4.156610012054443,95.69892120361328
684,NAM,2006,3.77347993850708,114.3588104248047
685,NER,2010,0.8686599731445312,333.1533813476563
686,NER,2016,1.788800001144409,217.3444061279297
687,NER,2017,2.149810075759888,190.5116424560547
688,NER,2018,4.59499979019165,185.7220153808594
689,NLD,2015,46.91680145263672,33.04259872436523
690,NLD,2016,46.84051132202148,35.77867126464844
691,NLD,2017,49.4079704284668,31.71113967895508
692,NLD,2018,50.00094985961914,33.71327972412109
693,NLD,2019,48.86349868774414,31.35454940795898
694,NLD,2020,47.49763870239258,31.58514976501465
695,NLD,2021,51.11790084838867,31.63116073608398
696,NOR,2000,39.72888946533203,38.5901985168457
697,NOR,2001,44.36648178100586,42.80921173095703
698,NOR,2002,41.06011962890625,47.01044082641602
699,NOR,2003,41.99052047729492,48.32968139648438
700,NOR,2004,46.28493881225586,50.15324020385742
701,NOR,2005,45.2646598815918,47.84244155883789
702,NOR,2006,47.93338012695313,43.53796005249023
703,NOR,2007,47.86479187011719,45.47977066040039
704,NOR,2008,47.7871208190918,44.81644821166992
705,NOR,2009,45.92753982543945,47.38241958618164
706,NOR,2010,47.53675842285156,43.25630187988281
707,NOR,2011,47.20743942260742,41.34033966064453
708,NOR,2013,45.7783088684082,40.34218978881836
709,NOR,2014,48.31673812866211,42.20027160644531
710,NOR,2015,49.80870819091797,37.16738128662109
711,NOR,2016,50.54764175415039,39.86331939697266
712,NOR,2017,55.48892974853516,38.62668991088867
713,NOR,2018,56.97927856445313,37.88496017456055
714,NOR,2019,57.8420295715332,39.13996887207031
715,NOR,2020,59.42758178710938,41.2664909362793
716,NOR,2021,61.10306930541992,32.81032943725586
717,NPL,2008,7.122300148010254,48.00307083129883
718,NPL,2010,7.298329830169678,33.1965217590332
719,NPL,2011,7.3543701171875,31.86832046508789
720,NPL,2013,9.848589897155762,19.60951042175293
721,NZL,2013,54.37422180175781,28.60983085632324
722,NZL,2014,53.72327041625977,27.86691093444824
723,NZL,2015,55.53858947753906,26.41041946411133
724,NZL,2016,53.79290008544922,25.60601997375488
725,NZL,2017,54.90335083007813,25.68124961853027
726,NZL,2018,45.04804992675781,26.84892082214355
727,NZL,2019,54.20174026489258,26.80705070495605
728,NZL,2020,41.78038024902344,30.28050994873047
729,NZL,2021,41.01749038696289,26.51762008666992
730,NZL,2022,40.71109008789063,24.78743934631348
731,OMN,2009,7.543310165405273,40.1096305847168
732,OMN,2016,16.97330093383789,37.53924179077148
733,OMN,2018,22.12116050720215,34.18891906738281
734,OMN,2020,23.9185791015625,80.06417083740234
735,PAN,2002,22.01898956298828,31.29224014282227
736,PAN,2004,23.53910064697266,25.59914970397949
737,PAN,2012,22.99102020263672,18.65969085693359
738,PAN,2014,24.86475944519043,15.89606952667236
739,PAN,2015,23.92963027954102,15.86221981048584
740,PAN,2016,25.27461051940918,15.57703971862793
741,PAN,2020,14.29399967193604,22.85839080810547
742,PHL,2001,17.82217979431152,12.77311038970947
743,PHL,2002,18.50923919677734,13.60422992706299
744,PHL,2004,19.34221076965332,11.69734001159668
745,PHL,2005,17.84782981872559,10.73647975921631
746,POL,2000,36.06999969482422,17.45947074890137
747,POL,2001,40.4764289855957,17.98788070678711
748,POL,2002,42.48955154418945,21.01899909973145
749,POL,2003,44.30356979370117,19.63290977478027
750,POL,2004,43.9636116027832,21.23674011230469
751,POL,2005,43.36322021484375,21.27473068237305
752,POL,2006,42.48291015625,16.94535064697266
753,POL,2007,45.94514083862305,16.43293952941895
754,POL,2008,49.28680038452148,18.23418045043945
755,POL,2009,53.80130004882813,18.6126594543457
756,POL,2010,62.49604034423828,20.59293937683105
757,POL,2011,64.2723617553711,20.29917907714844
758,POL,2012,58.58034896850586,22.71434020996094
759,POL,2013,52.15414810180664,25.79759979248047
760,POL,2014,48.59241104125977,26.7523193359375
761,POL,2015,47.76546096801758,28.12693977355957
762,POL,2017,48.43420028686523,26.76719093322754
763,POL,2018,45.42689895629883,27.25844955444336
764,POL,2019,44.66416931152344,29.4448299407959
765,POL,2020,44.62432861328125,31.39533042907715
766,POL,2021,48.58169174194336,30.13916969299316
767,PRT,2013,51.29254150390625,24.72187042236328
768,PRT,2014,49.28242111206055,26.67176055908203
769,PRT,2015,50.03841018676758,26.49831962585449
770,PRT,2017,52.23078155517578,23.22837066650391
771,PRT,2019,52.37765121459961,21.2496395111084
772,PRT,2020,54.84402847290039,22.66156959533691
773,PRT,2021,55.51945877075195,21.39328956604004
774,PSE,2021,33.64778137207031,6.804900169372559
775,ROU,2001,16.73151969909668,32.42156982421875
776,ROU,2002,22.00967979431152,26.01689910888672
777,ROU,2003,25.33706092834473,23.40971946716309
778,ROU,2004,28.24488067626953,22.04940986633301
779,ROU,2005,28.70289993286133,23.43858909606934
780,ROU,2006,30.98999977111816,22.90097045898438
781,ROU,2007,35.94612121582031,24.58628082275391
782,ROU,2008,75.49690246582031,21.86969947814941
783,ROU,2009,72.46070098876953,20.99309921264648
784,ROU,2010,65.07711029052734,19.71035003662109
785,ROU,2011,58.55279922485352,18.6395206451416
786,ROU,2013,41.89347839355469,19.34903907775879
787,ROU,2014,40.39102172851563,24.77585029602051
788,ROU,2015,38.92367935180664,23.96433067321777
789,ROU,2016,37.95378875732422,26.54664039611816
790,ROU,2019,42.04159927368164,29.22883033752441
791,ROU,2020,42.46023178100586,28.30525016784668
792,ROU,2021,42.39540100097656,25.77289009094238
793,RUS,2001,28.6909008026123,10.9549503326416
794,RUS,2002,30.79397964477539,11.90789985656738
795,RUS,2003,35.86996841430664,11.43517017364502
796,RUS,2004,42.06110000610352,10.87135028839111
797,RUS,2005,44.07352828979492,12.66077041625977
798,RUS,2006,45.11275100708008,13.21028995513916
799,RUS,2008,53.17969131469727,14.32584953308105
800,RUS,2012,60.04500961303711,15.28042030334473
801,RUS,2015,64.01637268066406,18.85251045227051
802,RUS,2016,77.97834014892578,20.00922012329102
803,RUS,2017,70.28833770751953,19.75513076782227
804,RUS,2018,53.71466827392578,18.61850929260254
805,RWA,2013,2.877419948577881,93.46826934814452
806,RWA,2018,7.508289813995361,98.42394256591795
807,RWA,2022,6.335879802703857,67.40135192871094
808,RWA,2023,6.990149974822998,107.9502716064453
809,SGP,2017,57.70376968383789,23.46795082092285
810,SGP,2018,53.79217147827148,25.07403945922852
811,SGP,2019,61.08752822875977,22.42819976806641
812,SGP,2020,64.68965148925781,21.67531967163086
813,SGP,2021,59.10221099853516,21.29861068725586
814,SGP,2022,60.70584869384766,16.11470031738281
815,SLV,2002,6.015679836273193,12.40273952484131
816,SLV,2003,7.746860027313232,12.50207042694092
817,SLV,2005,9.36338996887207,17.4735107421875
818,SLV,2006,9.66491985321045,16.43611907958984
819,SLV,2007,10.20685958862305,16.24682998657227
820,SLV,2009,10.41491031646729,20.64468955993652
821,SLV,2010,10.63624000549316,20.18755912780762
822,SLV,2012,12.55469989776611,10.00506019592285
823,SLV,2013,11.90013980865479,10.95891952514648
824,SLV,2014,11.18056011199951,10.78081035614014
825,SLV,2015,12.58403015136719,10.68838024139404
826,SLV,2016,11.8934497833252,10.54640007019043
827,SLV,2017,12.85990047454834,11.75759029388428
828,SLV,2018,13.12242984771729,10.87532043457031
829,SLV,2019,13.1249303817749,11.00860023498535
830,SMR,2018,36.36363983154297,10.81233024597168
831,SMR,2020,47.39884185791016,9.234210014343262
832,SMR,2021,50.28736114501953,8.003589630126953
833,SRB,2011,23.29587936401367,39.163330078125
834,SVK,2000,21.18530082702637,28.15225982666016
835,SVK,2001,25.04405975341797,30.19926071166992
836,SVK,2002,23.03683090209961,30.24000930786133
837,SVK,2003,24.85856056213379,28.12601089477539
838,SVK,2004,28.27412033081055,31.32889938354492
839,SVK,2005,30.09946060180664,23.38558959960938
840,SVK,2006,34.05538177490234,23.82782936096191
841,SVK,2007,38.48086166381836,18.94862937927246
842,SVK,2008,56.89984893798828,17.77267074584961
843,SVK,2009,61.22769927978516,18.1660099029541
844,SVK,2010,49.73904037475586,18.2490406036377
845,SVK,2011,47.24615859985352,18.63699913024902
846,SVK,2012,46.27389144897461,22.00168037414551
847,SVK,2013,44.0219612121582,24.89003944396973
848,SVK,2014,42.0018196105957,26.65007019042969
849,SVK,2015,39.89559173583984,26.37730026245117
850,SVK,2017,36.43968963623047,26.34230041503906
851,SVK,2018,36.32688140869141,27.67650985717773
852,SVK,2019,32.48435974121094,29.68613052368164
853,SVK,2020,32.45143890380859,33.9687614440918
854,SVK,2021,35.10774993896484,35.82477951049805
855,SVN,2001,16.18639945983887,27.27376937866211
856,SVN,2002,19.3688907623291,25.15365028381348
857,SVN,2003,18.49781036376953,24.97661972045898
858,SVN,2004,20.76885032653809,24.42974090576172
859,SVN,2005,22.69049072265625,22.00333976745605
860,SVN,2006,24.69305992126465,21.08638000488281
861,SVN,2007,23.90583992004395,20.54380035400391
862,SVN,2008,25.14473915100098,20.6686897277832
863,SVN,2009,29.4393196105957,23.84750938415527
864,SVN,2010,35.58055114746094,23.59033012390137
865,SVN,2011,38.67475891113281,25.00355911254883
866,SVN,2012,49.73083877563477,22.53183937072754
867,SVN,2013,58.52219009399414,21.10869979858398
868,SVN,2014,56.79151916503906,21.7186393737793
869,SVN,2015,59.98374176025391,22.53536033630371
870,SVN,2017,46.96836853027344,24.10910987854004
871,SVN,2018,47.03567123413086,26.47010040283203
872,SVN,2019,43.88912963867188,26.8109302520752
873,SVN,2020,43.20154190063477,29.58181953430176
874,SVN,2021,46.76747894287109,27.40917015075684
875,SWE,2000,32.36143112182617,46.86207962036133
876,SWE,2001,33.4398193359375,46.09220123291016
877,SWE,2002,36.3755989074707,45.71506881713867
878,SWE,2003,37.56697845458984,42.35525131225586
879,SWE,2004,44.80849075317383,39.69926071166992
880,SWE,2005,44.01681900024414,37.87152099609375
881,SWE,2006,47.02315902709961,36.65005111694336
882,SWE,2007,43.3425407409668,36.05406951904297
883,SWE,2008,41.18371963500977,38.82545852661133
884,SWE,2009,36.75072860717773,41.72414016723633
885,SWE,2010,34.37350082397461,39.01522064208984
886,SWE,2011,37.96018981933594,37.73854064941406
887,SWE,2012,33.65784072875977,41.77349090576172
888,SWE,2015,26.8568000793457,42.52228164672852
889,SWE,2016,38.5019416809082,42.95721054077148
890,SWE,2017,36.00811004638672,42.205810546875
891,SWE,2018,38.97866058349609,36.75360107421875
892,SWE,2019,41.50778961181641,35.98204040527344
893,SWE,2020,46.65657043457031,36.24322891235352
894,SWE,2021,47.73345947265625,34.38634872436523
895,SWZ,2000,4.95943021774292,422.5157775878906
896,SWZ,2001,5.235809803009033,237.1993865966797
897,SWZ,2005,3.849529981613159,250.91650390625
898,SWZ,2006,7.846350193023682,253.9322357177734
899,SYC,2015,11.43498039245605,87.72355651855469
900,SYC,2016,8.921330451965332,64.35346221923828
901,SYR,2002,5.149590015411377,83.1775894165039
902,SYR,2003,5.384230136871338,103.9605331420898
903,SYR,2004,5.445869922637939,83.16355895996094
904,SYR,2006,7.216730117797852,47.83195877075195
905,SYR,2007,7.342919826507568,45.43584823608398
906,SYR,2008,8.829879760742188,47.25410842895508
907,SYR,2009,9.389229774475098,50.85670852661133
908,TCA,2015,12.93801021575928,84.84982299804688
909,THA,2000,14.48445987701416,35.39997100830078
910,THA,2001,16.27536010742188,31.44108009338379
911,THA,2004,24.25362968444824,24.1026496887207
912,THA,2005,25.58712005615234,23.83004951477051
913,THA,2006,27.73061943054199,27.26956939697266
914,THA,2008,29.2943000793457,20.58485984802246
915,TJK,2005,10.8430700302124,12.07365989685059
916,TLS,2009,25.11990928649902,40.80944061279297
917,TUN,2013,23.94614028930664,56.70178985595703
918,TUN,2014,23.36825942993164,53.96942138671875
919,TUN,2015,22.88931083679199,53.34442138671875
920,TUR,2011,22.63810920715332,47.87442016601563
921,TUR,2012,27.90971946716309,46.03929901123047
922,TUR,2014,32.45529937744141,38.80493927001953
923,TUR,2018,35.85097122192383,31.07412910461426
924,TUR,2019,37.73289108276367,28.75827026367188
925,TUR,2020,42.48995971679688,30.23583984375
926,TUR,2021,42.79338073730469,27.99377059936523
927,TZA,2004,0.442220002412796,562.203369140625
928,UGA,2004,2.095089912414551,175.3299255371094
929,UKR,2016,24.74954986572266,38.53564071655273
930,UKR,2017,27.28904914855957,34.49605941772461
931,UKR,2018,34.15282821655273,33.76807022094727
932,UKR,2019,37.34307098388672,35.29664993286133
933,UKR,2020,37.52923965454102,35.82542037963867
934,URY,2020,17.76392936706543,24.22823905944824
935,URY,2021,16.43029975891113,19.57271003723145
936,URY,2022,21.88061904907227,20.02259063720703
937,VEN,2009,18.22039031982422,19.7394905090332
938,VNM,2012,15.09407043457031,25.80941963195801
939,VNM,2013,11.59416961669922,27.26680946350098
940,WSM,2000,1.560549974441528,128.7003326416016
941,ZAF,2013,7.169829845428467,35.97640991210938
942,ZAF,2014,7.635109901428223,35.07286834716797
943,ZAF,2015,8.162130355834961,36.96615982055664
944,ZAF,2016,8.837160110473633,32.94134902954102
945,ZAF,2017,9.585450172424316,43.05825042724609
946,ZAF,2018,10.33495044708252,43.68804931640625
947,ZAF,2019,10.34836006164551,50.17568969726563
948,ZAF,2020,11.38123989105225,57.25534820556641
949,ZAF,2021,11.04862022399902,63.49903869628906
950,ZAF,2022,12.35190010070801,66.57996368408203
951,ZWE,2013,1.352970004081726,163.8969421386719
